adler2	2.0.1	registry+https://github.com/rust-lang/crates.io-index	0BSD OR MIT OR Apache-2.0	https://github.com/oyvindln/adler2
aho-corasick	1.1.4	registry+https://github.com/rust-lang/crates.io-index	Unlicense OR MIT	https://github.com/BurntSushi/aho-corasick
aligned	0.4.3	registry+https://github.com/rust-lang/crates.io-index	MIT OR Apache-2.0	https://github.com/rust-embedded-community/aligned
aligned-vec	0.6.4	registry+https://github.com/rust-lang/crates.io-index	MIT	https://github.com/sarah-ek/aligned-vec/
allocator-api2	0.2.21	registry+https://github.com/rust-lang/crates.io-index	MIT OR Apache-2.0	https://github.com/zakarumych/allocator-api2
android-activity	0.6.1	registry+https://github.com/rust-lang/crates.io-index	MIT OR Apache-2.0	https://github.com/rust-mobile/android-activity
android-properties	0.2.2	registry+https://github.com/rust-lang/crates.io-index	MIT	https://github.com/miklelappo/android-properties
android_system_properties	0.1.5	registry+https://github.com/rust-lang/crates.io-index	MIT/Apache-2.0	https://github.com/nical/android_system_properties
annotate-snippets	0.12.16	registry+https://github.com/rust-lang/crates.io-index	MIT OR Apache-2.0	https://github.com/rust-lang/annotate-snippets-rs
anstyle	1.0.14	registry+https://github.com/rust-lang/crates.io-index	MIT OR Apache-2.0	https://github.com/rust-cli/anstyle.git
anyhow	1.0.104	registry+https://github.com/rust-lang/crates.io-index	MIT OR Apache-2.0	https://github.com/dtolnay/anyhow
arbitrary	1.4.2	registry+https://github.com/rust-lang/crates.io-index	MIT OR Apache-2.0	https://github.com/rust-fuzz/arbitrary/
arboard	3.6.1	registry+https://github.com/rust-lang/crates.io-index	MIT OR Apache-2.0	https://github.com/1Password/arboard
arg_enum_proc_macro	0.3.4	registry+https://github.com/rust-lang/crates.io-index	MIT	https://github.com/lu-zero/arg_enum_proc_macro
arrayref	0.3.9	registry+https://github.com/rust-lang/crates.io-index	BSD-2-Clause	https://github.com/droundy/arrayref
arrayvec	0.7.8	registry+https://github.com/rust-lang/crates.io-index	MIT OR Apache-2.0	https://github.com/bluss/arrayvec
as-slice	0.2.1	registry+https://github.com/rust-lang/crates.io-index	MIT OR Apache-2.0	https://github.com/japaric/as-slice
async-broadcast	0.7.2	registry+https://github.com/rust-lang/crates.io-index	MIT OR Apache-2.0	https://github.com/smol-rs/async-broadcast
async-channel	2.5.0	registry+https://github.com/rust-lang/crates.io-index	Apache-2.0 OR MIT	https://github.com/smol-rs/async-channel
async-executor	1.14.0	registry+https://github.com/rust-lang/crates.io-index	Apache-2.0 OR MIT	https://github.com/smol-rs/async-executor
async-io	2.6.0	registry+https://github.com/rust-lang/crates.io-index	Apache-2.0 OR MIT	https://github.com/smol-rs/async-io
async-lock	3.4.2	registry+https://github.com/rust-lang/crates.io-index	Apache-2.0 OR MIT	https://github.com/smol-rs/async-lock
async-process	2.5.0	registry+https://github.com/rust-lang/crates.io-index	Apache-2.0 OR MIT	https://github.com/smol-rs/async-process
async-recursion	1.1.1	registry+https://github.com/rust-lang/crates.io-index	MIT OR Apache-2.0	https://github.com/dcchut/async-recursion
async-signal	0.2.14	registry+https://github.com/rust-lang/crates.io-index	Apache-2.0 OR MIT	https://github.com/smol-rs/async-signal
async-task	4.7.1	registry+https://github.com/rust-lang/crates.io-index	Apache-2.0 OR MIT	https://github.com/smol-rs/async-task
async-trait	0.1.91	registry+https://github.com/rust-lang/crates.io-index	MIT OR Apache-2.0	https://github.com/dtolnay/async-trait
atomic-waker	1.1.2	registry+https://github.com/rust-lang/crates.io-index	Apache-2.0 OR MIT	https://github.com/smol-rs/atomic-waker
auto_enums	0.8.9	registry+https://github.com/rust-lang/crates.io-index	Apache-2.0 OR MIT	https://github.com/taiki-e/auto_enums
autocfg	1.5.1	registry+https://github.com/rust-lang/crates.io-index	Apache-2.0 OR MIT	https://github.com/cuviper/autocfg
av-scenechange	0.14.1	registry+https://github.com/rust-lang/crates.io-index	MIT	https://github.com/rust-av/av-scenechange
av1-grain	0.2.5	registry+https://github.com/rust-lang/crates.io-index	BSD-2-Clause	https://github.com/rust-av/av1-grain
avif-serialize	0.8.9	registry+https://github.com/rust-lang/crates.io-index	BSD-3-Clause	https://github.com/kornelski/avif-serialize
base64	0.22.1	registry+https://github.com/rust-lang/crates.io-index	MIT OR Apache-2.0	https://github.com/marshallpierce/rust-base64
bincode	2.0.1	registry+https://github.com/rust-lang/crates.io-index	MIT	https://github.com/bincode-org/bincode
bindgen	0.72.1	registry+https://github.com/rust-lang/crates.io-index	BSD-3-Clause	https://github.com/rust-lang/rust-bindgen
bit_field	0.10.3	registry+https://github.com/rust-lang/crates.io-index	Apache-2.0/MIT	https://github.com/phil-opp/rust-bit-field
bitflags	1.3.2	registry+https://github.com/rust-lang/crates.io-index	MIT/Apache-2.0	https://github.com/bitflags/bitflags
bitflags	2.13.1	registry+https://github.com/rust-lang/crates.io-index	MIT OR Apache-2.0	https://github.com/bitflags/bitflags
bitstream-io	4.10.0	registry+https://github.com/rust-lang/crates.io-index	MIT/Apache-2.0	https://github.com/tuffy/bitstream-io
block2	0.5.1	registry+https://github.com/rust-lang/crates.io-index	MIT	https://github.com/madsmtm/objc2
block2	0.6.2	registry+https://github.com/rust-lang/crates.io-index	MIT	https://github.com/madsmtm/objc2
blocking	1.6.2	registry+https://github.com/rust-lang/crates.io-index	Apache-2.0 OR MIT	https://github.com/smol-rs/blocking
borsh	1.8.0	registry+https://github.com/rust-lang/crates.io-index	MIT OR Apache-2.0	https://github.com/near/borsh-rs
built	0.8.1	registry+https://github.com/rust-lang/crates.io-index	MIT	https://github.com/lukaslueg/built
bumpalo	3.20.3	registry+https://github.com/rust-lang/crates.io-index	MIT OR Apache-2.0	https://github.com/fitzgen/bumpalo
by_address	1.2.1	registry+https://github.com/rust-lang/crates.io-index	MIT OR Apache-2.0	https://github.com/mbrubeck/by_address
bytemuck	1.25.2	registry+https://github.com/rust-lang/crates.io-index	Zlib OR Apache-2.0 OR MIT	https://github.com/Lokathor/bytemuck
bytemuck_derive	1.11.0	registry+https://github.com/rust-lang/crates.io-index	Zlib OR Apache-2.0 OR MIT	https://github.com/Lokathor/bytemuck
byteorder-lite	0.1.0	registry+https://github.com/rust-lang/crates.io-index	Unlicense OR MIT	https://github.com/image-rs/byteorder-lite
bytes	1.12.1	registry+https://github.com/rust-lang/crates.io-index	MIT	https://github.com/tokio-rs/bytes
calloop	0.13.0	registry+https://github.com/rust-lang/crates.io-index	MIT	https://github.com/Smithay/calloop
calloop	0.14.4	registry+https://github.com/rust-lang/crates.io-index	MIT	https://github.com/Smithay/calloop
cc	1.3.0	registry+https://github.com/rust-lang/crates.io-index	MIT OR Apache-2.0	https://github.com/rust-lang/cc-rs
cexpr	0.6.0	registry+https://github.com/rust-lang/crates.io-index	Apache-2.0/MIT	https://github.com/jethrogb/rust-cexpr
cfg-if	1.0.4	registry+https://github.com/rust-lang/crates.io-index	MIT OR Apache-2.0	https://github.com/rust-lang/cfg-if
cfg_aliases	0.2.2	registry+https://github.com/rust-lang/crates.io-index	MIT	https://github.com/katharostech/cfg_aliases
cgl	0.3.2	registry+https://github.com/rust-lang/crates.io-index	MIT / Apache-2.0	https://github.com/servo/cgl-rs
chrono	0.4.45	registry+https://github.com/rust-lang/crates.io-index	MIT OR Apache-2.0	https://github.com/chronotope/chrono
clang-sys	1.8.1	registry+https://github.com/rust-lang/crates.io-index	Apache-2.0	https://github.com/KyleMayes/clang-sys
clipboard-win	5.4.1	registry+https://github.com/rust-lang/crates.io-index	BSL-1.0	https://github.com/DoumanAsh/clipboard-win
clru	0.6.3	registry+https://github.com/rust-lang/crates.io-index	MIT	https://github.com/marmeladema/clru-rs
color_quant	1.1.0	registry+https://github.com/rust-lang/crates.io-index	MIT	https://github.com/image-rs/color_quant.git
combine	4.6.7	registry+https://github.com/rust-lang/crates.io-index	MIT	https://github.com/Marwes/combine
concurrent-queue	2.5.0	registry+https://github.com/rust-lang/crates.io-index	Apache-2.0 OR MIT	https://github.com/smol-rs/concurrent-queue
const-field-offset	0.2.1	git+https://github.com/slint-ui/slint.git?rev=3c5e0a606d8843fabaf00c5fbbde4fd5be08ba4f#3c5e0a606d8843fabaf00c5fbbde4fd5be08ba4f	MIT OR Apache-2.0	https://github.com/slint-ui/slint
const-field-offset-macro	0.2.1	git+https://github.com/slint-ui/slint.git?rev=3c5e0a606d8843fabaf00c5fbbde4fd5be08ba4f#3c5e0a606d8843fabaf00c5fbbde4fd5be08ba4f	MIT OR Apache-2.0	https://github.com/slint-ui/slint
convert_case	0.10.0	registry+https://github.com/rust-lang/crates.io-index	MIT	https://github.com/rutrum/convert-case
core-foundation	0.10.1	registry+https://github.com/rust-lang/crates.io-index	MIT OR Apache-2.0	https://github.com/servo/core-foundation-rs
core-foundation	0.9.4	registry+https://github.com/rust-lang/crates.io-index	MIT OR Apache-2.0	https://github.com/servo/core-foundation-rs
core-foundation-sys	0.8.7	registry+https://github.com/rust-lang/crates.io-index	MIT OR Apache-2.0	https://github.com/servo/core-foundation-rs
core-graphics	0.23.2	registry+https://github.com/rust-lang/crates.io-index	MIT OR Apache-2.0	https://github.com/servo/core-foundation-rs
core-graphics-types	0.1.3	registry+https://github.com/rust-lang/crates.io-index	MIT OR Apache-2.0	https://github.com/servo/core-foundation-rs
core_maths	0.1.1	registry+https://github.com/rust-lang/crates.io-index	MIT	https://github.com/robertbastian/core_maths
countme	3.0.1	registry+https://github.com/rust-lang/crates.io-index	MIT OR Apache-2.0	https://github.com/matklad/countme
crc32fast	1.5.0	registry+https://github.com/rust-lang/crates.io-index	MIT OR Apache-2.0	https://github.com/srijs/rust-crc32fast
critical-section	1.2.0	registry+https://github.com/rust-lang/crates.io-index	MIT OR Apache-2.0	https://github.com/rust-embedded/critical-section
crossbeam-channel	0.5.16	registry+https://github.com/rust-lang/crates.io-index	MIT OR Apache-2.0	https://github.com/crossbeam-rs/crossbeam
crossbeam-deque	0.8.7	registry+https://github.com/rust-lang/crates.io-index	MIT OR Apache-2.0	https://github.com/crossbeam-rs/crossbeam
crossbeam-epoch	0.9.20	registry+https://github.com/rust-lang/crates.io-index	MIT OR Apache-2.0	https://github.com/crossbeam-rs/crossbeam
crossbeam-utils	0.8.22	registry+https://github.com/rust-lang/crates.io-index	MIT OR Apache-2.0	https://github.com/crossbeam-rs/crossbeam
crunchy	0.2.4	registry+https://github.com/rust-lang/crates.io-index	MIT	https://github.com/eira-fransham/crunchy
csv	1.4.0	registry+https://github.com/rust-lang/crates.io-index	Unlicense/MIT	https://github.com/BurntSushi/rust-csv
csv-core	0.1.13	registry+https://github.com/rust-lang/crates.io-index	Unlicense/MIT	https://github.com/BurntSushi/rust-csv
cursor-icon	1.2.0	registry+https://github.com/rust-lang/crates.io-index	MIT OR Apache-2.0 OR Zlib	https://github.com/rust-windowing/cursor-icon
damascene-fonts-inter	0.1.0	registry+https://github.com/rust-lang/crates.io-index	(MIT OR Apache-2.0) AND OFL-1.1	https://github.com/computer-whisperer/damascene
data-url	0.3.2	registry+https://github.com/rust-lang/crates.io-index	MIT OR Apache-2.0	https://github.com/servo/rust-url
derive_more	2.1.1	registry+https://github.com/rust-lang/crates.io-index	MIT	https://github.com/JelteF/derive_more
derive_more-impl	2.1.1	registry+https://github.com/rust-lang/crates.io-index	MIT	https://github.com/JelteF/derive_more
derive_utils	0.15.1	registry+https://github.com/rust-lang/crates.io-index	Apache-2.0 OR MIT	https://github.com/taiki-e/derive_utils
dispatch	0.2.0	registry+https://github.com/rust-lang/crates.io-index	MIT	http://github.com/SSheldon/rust-dispatch
dispatch2	0.3.1	registry+https://github.com/rust-lang/crates.io-index	Zlib OR Apache-2.0 OR MIT	https://github.com/madsmtm/objc2
displaydoc	0.2.6	registry+https://github.com/rust-lang/crates.io-index	MIT OR Apache-2.0	https://github.com/yaahc/displaydoc
dlib	0.5.3	registry+https://github.com/rust-lang/crates.io-index	MIT	https://github.com/elinorbgr/dlib
dpi	0.1.2	registry+https://github.com/rust-lang/crates.io-index	Apache-2.0 AND MIT	https://github.com/rust-windowing/winit
drm	0.14.1	registry+https://github.com/rust-lang/crates.io-index	MIT	https://github.com/Smithay/drm-rs
drm-ffi	0.9.1	registry+https://github.com/rust-lang/crates.io-index	MIT	https://github.com/Smithay/drm-rs
drm-fourcc	2.2.0	registry+https://github.com/rust-lang/crates.io-index	MIT	https://github.com/danielzfranklin/drm-fourcc-rs
drm-sys	0.8.1	registry+https://github.com/rust-lang/crates.io-index	MIT	https://github.com/Smithay/drm-rs
either	1.16.0	registry+https://github.com/rust-lang/crates.io-index	MIT OR Apache-2.0	https://github.com/rayon-rs/either
endi	1.1.1	registry+https://github.com/rust-lang/crates.io-index	MIT	https://github.com/zeenix/endi
enumflags2	0.7.12	registry+https://github.com/rust-lang/crates.io-index	MIT OR Apache-2.0	https://github.com/meithecatte/enumflags2
enumflags2_derive	0.7.12	registry+https://github.com/rust-lang/crates.io-index	MIT OR Apache-2.0	https://github.com/meithecatte/enumflags2
equator	0.4.2	registry+https://github.com/rust-lang/crates.io-index	MIT	https://github.com/sarah-ek/equator/
equator-macro	0.4.2	registry+https://github.com/rust-lang/crates.io-index	MIT	https://github.com/sarah-ek/equator/
equivalent	1.0.2	registry+https://github.com/rust-lang/crates.io-index	Apache-2.0 OR MIT	https://github.com/indexmap-rs/equivalent
errno	0.3.14	registry+https://github.com/rust-lang/crates.io-index	MIT OR Apache-2.0	https://github.com/lambda-fairy/rust-errno
error-code	3.3.2	registry+https://github.com/rust-lang/crates.io-index	BSL-1.0	https://github.com/DoumanAsh/error-code
euclid	0.22.14	registry+https://github.com/rust-lang/crates.io-index	MIT OR Apache-2.0	https://github.com/servo/euclid
event-listener	5.4.1	registry+https://github.com/rust-lang/crates.io-index	Apache-2.0 OR MIT	https://github.com/smol-rs/event-listener
event-listener-strategy	0.5.4	registry+https://github.com/rust-lang/crates.io-index	Apache-2.0 OR MIT	https://github.com/smol-rs/event-listener-strategy
exr	1.74.2	registry+https://github.com/rust-lang/crates.io-index	BSD-3-Clause	https://github.com/johannesvollmer/exrs
fastrand	2.5.0	registry+https://github.com/rust-lang/crates.io-index	Apache-2.0 OR MIT	https://github.com/smol-rs/fastrand
fax	0.2.7	registry+https://github.com/rust-lang/crates.io-index	MIT	https://github.com/pdf-rs/fax
fdeflate	0.3.7	registry+https://github.com/rust-lang/crates.io-index	MIT OR Apache-2.0	https://github.com/image-rs/fdeflate
field-offset	0.3.6	registry+https://github.com/rust-lang/crates.io-index	MIT OR Apache-2.0	https://github.com/Diggsey/rust-field-offset
filetime	0.2.29	registry+https://github.com/rust-lang/crates.io-index	MIT/Apache-2.0	https://github.com/alexcrichton/filetime
find-msvc-tools	0.1.9	registry+https://github.com/rust-lang/crates.io-index	MIT OR Apache-2.0	https://github.com/rust-lang/cc-rs
fixed_decimal	0.7.2	registry+https://github.com/rust-lang/crates.io-index	Unicode-3.0	https://github.com/unicode-org/icu4x
flate2	1.1.9	registry+https://github.com/rust-lang/crates.io-index	MIT OR Apache-2.0	https://github.com/rust-lang/flate2-rs
float-cmp	0.9.0	registry+https://github.com/rust-lang/crates.io-index	MIT	https://github.com/mikedilger/float-cmp
foldhash	0.2.0	registry+https://github.com/rust-lang/crates.io-index	Zlib	https://github.com/orlp/foldhash
font-types	0.12.1	registry+https://github.com/rust-lang/crates.io-index	MIT OR Apache-2.0	https://github.com/googlefonts/fontations
fontdb	0.23.0	registry+https://github.com/rust-lang/crates.io-index	MIT	https://github.com/RazrFalcon/fontdb
fontique	0.11.0	registry+https://github.com/rust-lang/crates.io-index	Apache-2.0 OR MIT	https://github.com/linebender/parley
foreign-types	0.5.0	registry+https://github.com/rust-lang/crates.io-index	MIT/Apache-2.0	https://github.com/sfackler/foreign-types
foreign-types-macros	0.2.3	registry+https://github.com/rust-lang/crates.io-index	MIT/Apache-2.0	https://github.com/sfackler/foreign-types
foreign-types-shared	0.3.1	registry+https://github.com/rust-lang/crates.io-index	MIT/Apache-2.0	https://github.com/sfackler/foreign-types
form_urlencoded	1.2.2	registry+https://github.com/rust-lang/crates.io-index	MIT OR Apache-2.0	https://github.com/servo/rust-url
futures	0.3.33	registry+https://github.com/rust-lang/crates.io-index	MIT OR Apache-2.0	https://github.com/rust-lang/futures-rs
futures-channel	0.3.33	registry+https://github.com/rust-lang/crates.io-index	MIT OR Apache-2.0	https://github.com/rust-lang/futures-rs
futures-core	0.3.33	registry+https://github.com/rust-lang/crates.io-index	MIT OR Apache-2.0	https://github.com/rust-lang/futures-rs
futures-executor	0.3.33	registry+https://github.com/rust-lang/crates.io-index	MIT OR Apache-2.0	https://github.com/rust-lang/futures-rs
futures-io	0.3.33	registry+https://github.com/rust-lang/crates.io-index	MIT OR Apache-2.0	https://github.com/rust-lang/futures-rs
futures-lite	2.6.1	registry+https://github.com/rust-lang/crates.io-index	Apache-2.0 OR MIT	https://github.com/smol-rs/futures-lite
futures-macro	0.3.33	registry+https://github.com/rust-lang/crates.io-index	MIT OR Apache-2.0	https://github.com/rust-lang/futures-rs
futures-sink	0.3.33	registry+https://github.com/rust-lang/crates.io-index	MIT OR Apache-2.0	https://github.com/rust-lang/futures-rs
futures-task	0.3.33	registry+https://github.com/rust-lang/crates.io-index	MIT OR Apache-2.0	https://github.com/rust-lang/futures-rs
futures-util	0.3.33	registry+https://github.com/rust-lang/crates.io-index	MIT OR Apache-2.0	https://github.com/rust-lang/futures-rs
gethostname	1.1.0	registry+https://github.com/rust-lang/crates.io-index	Apache-2.0	https://codeberg.org/swsnr/gethostname.rs.git
getopts	0.2.24	registry+https://github.com/rust-lang/crates.io-index	MIT OR Apache-2.0	https://github.com/rust-lang/getopts
getrandom	0.3.4	registry+https://github.com/rust-lang/crates.io-index	MIT OR Apache-2.0	https://github.com/rust-random/getrandom
getrandom	0.4.3	registry+https://github.com/rust-lang/crates.io-index	MIT OR Apache-2.0	https://github.com/rust-random/getrandom
gif	0.14.2	registry+https://github.com/rust-lang/crates.io-index	MIT OR Apache-2.0	https://github.com/image-rs/image-gif
gl_generator	0.14.0	registry+https://github.com/rust-lang/crates.io-index	Apache-2.0	https://github.com/brendanzab/gl-rs/
glob	0.3.4	registry+https://github.com/rust-lang/crates.io-index	MIT OR Apache-2.0	https://github.com/rust-lang/glob
glow	0.18.0	registry+https://github.com/rust-lang/crates.io-index	MIT OR Apache-2.0 OR Zlib	https://github.com/grovesNL/glow
glutin	0.32.3	registry+https://github.com/rust-lang/crates.io-index	Apache-2.0	https://github.com/rust-windowing/glutin
glutin_egl_sys	0.7.1	registry+https://github.com/rust-lang/crates.io-index	Apache-2.0	https://github.com/rust-windowing/glutin
glutin_wgl_sys	0.6.1	registry+https://github.com/rust-lang/crates.io-index	Apache-2.0	https://github.com/rust-windowing/glutin
grid	1.0.1	registry+https://github.com/rust-lang/crates.io-index	MIT	https://github.com/becheran/grid
half	2.7.1	registry+https://github.com/rust-lang/crates.io-index	MIT OR Apache-2.0	https://github.com/VoidStarKat/half-rs
harfrust	0.10.0	registry+https://github.com/rust-lang/crates.io-index	MIT	https://github.com/harfbuzz/harfrust
hashbrown	0.14.5	registry+https://github.com/rust-lang/crates.io-index	MIT OR Apache-2.0	https://github.com/rust-lang/hashbrown
hashbrown	0.16.1	registry+https://github.com/rust-lang/crates.io-index	MIT OR Apache-2.0	https://github.com/rust-lang/hashbrown
hashbrown	0.17.1	registry+https://github.com/rust-lang/crates.io-index	MIT OR Apache-2.0	https://github.com/rust-lang/hashbrown
heck	0.5.0	registry+https://github.com/rust-lang/crates.io-index	MIT OR Apache-2.0	https://github.com/withoutboats/heck
hermit-abi	0.3.9	registry+https://github.com/rust-lang/crates.io-index	MIT OR Apache-2.0	https://github.com/hermit-os/hermit-rs
hermit-abi	0.5.2	registry+https://github.com/rust-lang/crates.io-index	MIT OR Apache-2.0	https://github.com/hermit-os/hermit-rs
hex	0.4.3	registry+https://github.com/rust-lang/crates.io-index	MIT OR Apache-2.0	https://github.com/KokaKiwi/rust-hex
htmlparser	0.2.1	registry+https://github.com/rust-lang/crates.io-index	MIT OR Apache-2.0	https://github.com/jdrouet/htmlparser.git
i-slint-backend-linuxkms	1.18.0	git+https://github.com/slint-ui/slint.git?rev=3c5e0a606d8843fabaf00c5fbbde4fd5be08ba4f#3c5e0a606d8843fabaf00c5fbbde4fd5be08ba4f	GPL-3.0-only OR LicenseRef-Slint-Royalty-free-2.0 OR LicenseRef-Slint-Software-3.0	https://github.com/slint-ui/slint
i-slint-backend-selector	1.18.0	git+https://github.com/slint-ui/slint.git?rev=3c5e0a606d8843fabaf00c5fbbde4fd5be08ba4f#3c5e0a606d8843fabaf00c5fbbde4fd5be08ba4f	GPL-3.0-only OR LicenseRef-Slint-Royalty-free-2.0 OR LicenseRef-Slint-Software-3.0	https://github.com/slint-ui/slint
i-slint-backend-testing	1.18.0	git+https://github.com/slint-ui/slint.git?rev=3c5e0a606d8843fabaf00c5fbbde4fd5be08ba4f#3c5e0a606d8843fabaf00c5fbbde4fd5be08ba4f	GPL-3.0-only OR LicenseRef-Slint-Royalty-free-2.0 OR LicenseRef-Slint-Software-3.0	https://github.com/slint-ui/slint
i-slint-backend-winit	1.18.0	git+https://github.com/slint-ui/slint.git?rev=3c5e0a606d8843fabaf00c5fbbde4fd5be08ba4f#3c5e0a606d8843fabaf00c5fbbde4fd5be08ba4f	GPL-3.0-only OR LicenseRef-Slint-Royalty-free-2.0 OR LicenseRef-Slint-Software-3.0	https://github.com/slint-ui/slint
i-slint-common	1.18.0	git+https://github.com/slint-ui/slint.git?rev=3c5e0a606d8843fabaf00c5fbbde4fd5be08ba4f#3c5e0a606d8843fabaf00c5fbbde4fd5be08ba4f	GPL-3.0-only OR LicenseRef-Slint-Royalty-free-2.0 OR LicenseRef-Slint-Software-3.0	https://github.com/slint-ui/slint
i-slint-compiler	1.18.0	git+https://github.com/slint-ui/slint.git?rev=3c5e0a606d8843fabaf00c5fbbde4fd5be08ba4f#3c5e0a606d8843fabaf00c5fbbde4fd5be08ba4f	GPL-3.0-only OR LicenseRef-Slint-Royalty-free-2.0 OR LicenseRef-Slint-Software-3.0	https://github.com/slint-ui/slint
i-slint-core	1.18.0	git+https://github.com/slint-ui/slint.git?rev=3c5e0a606d8843fabaf00c5fbbde4fd5be08ba4f#3c5e0a606d8843fabaf00c5fbbde4fd5be08ba4f	GPL-3.0-only OR LicenseRef-Slint-Royalty-free-2.0 OR LicenseRef-Slint-Software-3.0	https://github.com/slint-ui/slint
i-slint-core-macros	1.18.0	git+https://github.com/slint-ui/slint.git?rev=3c5e0a606d8843fabaf00c5fbbde4fd5be08ba4f#3c5e0a606d8843fabaf00c5fbbde4fd5be08ba4f	GPL-3.0-only OR LicenseRef-Slint-Royalty-free-2.0 OR LicenseRef-Slint-Software-3.0	https://github.com/slint-ui/slint
i-slint-renderer-skia	1.18.0	git+https://github.com/slint-ui/slint.git?rev=3c5e0a606d8843fabaf00c5fbbde4fd5be08ba4f#3c5e0a606d8843fabaf00c5fbbde4fd5be08ba4f	GPL-3.0-only OR LicenseRef-Slint-Royalty-free-2.0 OR LicenseRef-Slint-Software-3.0	https://github.com/slint-ui/slint
i-slint-renderer-software	1.18.0	git+https://github.com/slint-ui/slint.git?rev=3c5e0a606d8843fabaf00c5fbbde4fd5be08ba4f#3c5e0a606d8843fabaf00c5fbbde4fd5be08ba4f	GPL-3.0-only OR LicenseRef-Slint-Royalty-free-2.0 OR LicenseRef-Slint-Software-3.0	https://github.com/slint-ui/slint
iana-time-zone	0.1.65	registry+https://github.com/rust-lang/crates.io-index	MIT OR Apache-2.0	https://github.com/strawlab/iana-time-zone
iana-time-zone-haiku	0.1.2	registry+https://github.com/rust-lang/crates.io-index	MIT OR Apache-2.0	https://github.com/strawlab/iana-time-zone
icu_collections	2.2.0	registry+https://github.com/rust-lang/crates.io-index	Unicode-3.0	https://github.com/unicode-org/icu4x
icu_decimal	2.2.0	registry+https://github.com/rust-lang/crates.io-index	Unicode-3.0	https://github.com/unicode-org/icu4x
icu_decimal_data	2.2.0	registry+https://github.com/rust-lang/crates.io-index	Unicode-3.0	https://github.com/unicode-org/icu4x
icu_locale	2.2.0	registry+https://github.com/rust-lang/crates.io-index	Unicode-3.0	https://github.com/unicode-org/icu4x
icu_locale_core	2.2.0	registry+https://github.com/rust-lang/crates.io-index	Unicode-3.0	https://github.com/unicode-org/icu4x
icu_locale_data	2.2.0	registry+https://github.com/rust-lang/crates.io-index	Unicode-3.0	https://github.com/unicode-org/icu4x
icu_normalizer	2.2.0	registry+https://github.com/rust-lang/crates.io-index	Unicode-3.0	https://github.com/unicode-org/icu4x
icu_normalizer_data	2.2.0	registry+https://github.com/rust-lang/crates.io-index	Unicode-3.0	https://github.com/unicode-org/icu4x
icu_plurals	2.2.0	registry+https://github.com/rust-lang/crates.io-index	Unicode-3.0	https://github.com/unicode-org/icu4x
icu_plurals_data	2.2.0	registry+https://github.com/rust-lang/crates.io-index	Unicode-3.0	https://github.com/unicode-org/icu4x
icu_properties	2.2.0	registry+https://github.com/rust-lang/crates.io-index	Unicode-3.0	https://github.com/unicode-org/icu4x
icu_properties_data	2.2.0	registry+https://github.com/rust-lang/crates.io-index	Unicode-3.0	https://github.com/unicode-org/icu4x
icu_provider	2.2.0	registry+https://github.com/rust-lang/crates.io-index	Unicode-3.0	https://github.com/unicode-org/icu4x
icu_segmenter	2.2.0	registry+https://github.com/rust-lang/crates.io-index	Unicode-3.0	https://github.com/unicode-org/icu4x
icu_segmenter_data	2.2.0	registry+https://github.com/rust-lang/crates.io-index	Unicode-3.0	https://github.com/unicode-org/icu4x
idna	1.1.0	registry+https://github.com/rust-lang/crates.io-index	MIT OR Apache-2.0	https://github.com/servo/rust-url/
idna_adapter	1.2.2	registry+https://github.com/rust-lang/crates.io-index	Apache-2.0 OR MIT	https://github.com/hsivonen/idna_adapter
image	0.25.10	registry+https://github.com/rust-lang/crates.io-index	MIT OR Apache-2.0	https://github.com/image-rs/image
image-webp	0.2.4	registry+https://github.com/rust-lang/crates.io-index	MIT OR Apache-2.0	https://github.com/image-rs/image-webp
imagesize	0.14.0	registry+https://github.com/rust-lang/crates.io-index	MIT	https://github.com/Roughsketch/imagesize
imgref	1.12.2	registry+https://github.com/rust-lang/crates.io-index	CC0-1.0 OR Apache-2.0	https://github.com/kornelski/imgref
indexmap	2.14.0	registry+https://github.com/rust-lang/crates.io-index	Apache-2.0 OR MIT	https://github.com/indexmap-rs/indexmap
input	0.10.0	registry+https://github.com/rust-lang/crates.io-index	MIT	https://github.com/Drakulix/input.rs
input-sys	1.19.0	registry+https://github.com/rust-lang/crates.io-index	MIT	https://github.com/Drakulix/input.rs/tree/master/input-sys
integer-sqrt	0.1.5	registry+https://github.com/rust-lang/crates.io-index	Apache-2.0/MIT	https://github.com/derekdreery/integer-sqrt-rs
interpolate_name	0.2.4	registry+https://github.com/rust-lang/crates.io-index	MIT	https://github.com/lu-zero/interpolate_name
io-lifetimes	1.0.11	registry+https://github.com/rust-lang/crates.io-index	Apache-2.0 WITH LLVM-exception OR Apache-2.0 OR MIT	https://github.com/sunfishcode/io-lifetimes
itertools	0.13.0	registry+https://github.com/rust-lang/crates.io-index	MIT OR Apache-2.0	https://github.com/rust-itertools/itertools
itertools	0.14.0	registry+https://github.com/rust-lang/crates.io-index	MIT OR Apache-2.0	https://github.com/rust-itertools/itertools
itoa	1.0.18	registry+https://github.com/rust-lang/crates.io-index	MIT OR Apache-2.0	https://github.com/dtolnay/itoa
jni	0.22.4	registry+https://github.com/rust-lang/crates.io-index	MIT OR Apache-2.0	https://github.com/jni-rs/jni-rs
jni-macros	0.22.4	registry+https://github.com/rust-lang/crates.io-index	MIT OR Apache-2.0	https://github.com/jni-rs/jni-rs
jni-sys	0.3.1	registry+https://github.com/rust-lang/crates.io-index	MIT OR Apache-2.0	https://github.com/jni-rs/jni-sys
jni-sys	0.4.1	registry+https://github.com/rust-lang/crates.io-index	MIT OR Apache-2.0	https://github.com/jni-rs/jni-sys
jni-sys-macros	0.4.1	registry+https://github.com/rust-lang/crates.io-index	MIT OR Apache-2.0	https://github.com/jni-rs/jni-sys
jobserver	0.1.35	registry+https://github.com/rust-lang/crates.io-index	MIT OR Apache-2.0	https://github.com/rust-lang/jobserver-rs
js-sys	0.3.103	registry+https://github.com/rust-lang/crates.io-index	MIT OR Apache-2.0	https://github.com/wasm-bindgen/wasm-bindgen/tree/master/crates/js-sys
keyboard-types	0.7.0	registry+https://github.com/rust-lang/crates.io-index	MIT OR Apache-2.0	https://github.com/pyfisch/keyboard-types
khronos_api	3.1.0	registry+https://github.com/rust-lang/crates.io-index	Apache-2.0	https://github.com/brendanzab/gl-rs/
kurbo	0.13.1	registry+https://github.com/rust-lang/crates.io-index	Apache-2.0 OR MIT	https://github.com/linebender/kurbo
lazy_static	1.5.0	registry+https://github.com/rust-lang/crates.io-index	MIT OR Apache-2.0	https://github.com/rust-lang-nursery/lazy-static.rs
lebe	0.5.3	registry+https://github.com/rust-lang/crates.io-index	BSD-3-Clause	https://github.com/johannesvollmer/lebe
libc	0.2.189	registry+https://github.com/rust-lang/crates.io-index	MIT OR Apache-2.0	https://github.com/rust-lang/libc
libfuzzer-sys	0.4.13	registry+https://github.com/rust-lang/crates.io-index	(MIT OR Apache-2.0) AND NCSA	https://github.com/rust-fuzz/libfuzzer
libloading	0.8.9	registry+https://github.com/rust-lang/crates.io-index	ISC	https://github.com/nagisa/rust_libloading/
libm	0.2.16	registry+https://github.com/rust-lang/crates.io-index	MIT	https://github.com/rust-lang/compiler-builtins
libredox	0.1.18	registry+https://github.com/rust-lang/crates.io-index	MIT	https://gitlab.redox-os.org/redox-os/libredox.git
libudev-sys	0.1.4	registry+https://github.com/rust-lang/crates.io-index	MIT	https://github.com/dcuddeback/libudev-sys
linebender_resource_handle	0.1.1	registry+https://github.com/rust-lang/crates.io-index	Apache-2.0 OR MIT	https://github.com/linebender/raw_resource_handle
linked-hash-map	0.5.6	registry+https://github.com/rust-lang/crates.io-index	MIT/Apache-2.0	https://github.com/contain-rs/linked-hash-map
linked_hash_set	0.1.6	registry+https://github.com/rust-lang/crates.io-index	Apache-2.0	https://github.com/alexheretic/linked-hash-set
linux-raw-sys	0.12.1	registry+https://github.com/rust-lang/crates.io-index	Apache-2.0 WITH LLVM-exception OR Apache-2.0 OR MIT	https://github.com/sunfishcode/linux-raw-sys
linux-raw-sys	0.4.15	registry+https://github.com/rust-lang/crates.io-index	Apache-2.0 WITH LLVM-exception OR Apache-2.0 OR MIT	https://github.com/sunfishcode/linux-raw-sys
linux-raw-sys	0.9.4	registry+https://github.com/rust-lang/crates.io-index	Apache-2.0 WITH LLVM-exception OR Apache-2.0 OR MIT	https://github.com/sunfishcode/linux-raw-sys
litemap	0.8.2	registry+https://github.com/rust-lang/crates.io-index	Unicode-3.0	https://github.com/unicode-org/icu4x
lock_api	0.4.14	registry+https://github.com/rust-lang/crates.io-index	MIT OR Apache-2.0	https://github.com/Amanieu/parking_lot
log	0.4.33	registry+https://github.com/rust-lang/crates.io-index	MIT OR Apache-2.0	https://github.com/rust-lang/log
loop9	0.1.5	registry+https://github.com/rust-lang/crates.io-index	MIT	https://gitlab.com/kornelski/loop9.git
lyon_algorithms	1.0.20	registry+https://github.com/rust-lang/crates.io-index	MIT OR Apache-2.0	https://github.com/nical/lyon
lyon_extra	1.1.0	registry+https://github.com/rust-lang/crates.io-index	MIT OR Apache-2.0	https://github.com/nical/lyon
lyon_geom	1.0.19	registry+https://github.com/rust-lang/crates.io-index	MIT OR Apache-2.0	https://github.com/nical/lyon
lyon_path	1.0.19	registry+https://github.com/rust-lang/crates.io-index	MIT OR Apache-2.0	https://github.com/nical/lyon
maybe-rayon	0.1.1	registry+https://github.com/rust-lang/crates.io-index	MIT	https://github.com/shssoichiro/maybe-rayon
memchr	2.8.3	registry+https://github.com/rust-lang/crates.io-index	Unlicense OR MIT	https://github.com/BurntSushi/memchr
memmap2	0.9.11	registry+https://github.com/rust-lang/crates.io-index	MIT OR Apache-2.0	https://github.com/RazrFalcon/memmap2-rs
memoffset	0.9.1	registry+https://github.com/rust-lang/crates.io-index	MIT	https://github.com/Gilnaa/memoffset
minimal-lexical	0.2.1	registry+https://github.com/rust-lang/crates.io-index	MIT/Apache-2.0	https://github.com/Alexhuszagh/minimal-lexical
miniz_oxide	0.8.9	registry+https://github.com/rust-lang/crates.io-index	MIT OR Zlib OR Apache-2.0	https://github.com/Frommi/miniz_oxide/tree/master/miniz_oxide
moxcms	0.8.1	registry+https://github.com/rust-lang/crates.io-index	BSD-3-Clause OR Apache-2.0	https://github.com/awxkee/moxcms.git
muda	0.19.3	registry+https://github.com/rust-lang/crates.io-index	Apache-2.0 OR MIT	https://github.com/tauri-apps/muda
natord	1.0.9	registry+https://github.com/rust-lang/crates.io-index	MIT	https://github.com/lifthrasiir/rust-natord
ndk	0.9.0	registry+https://github.com/rust-lang/crates.io-index	MIT OR Apache-2.0	https://github.com/rust-mobile/ndk
ndk-context	0.1.1	registry+https://github.com/rust-lang/crates.io-index	MIT OR Apache-2.0	https://github.com/rust-windowing/android-ndk-rs
ndk-sys	0.6.0+11769913	registry+https://github.com/rust-lang/crates.io-index	MIT OR Apache-2.0	https://github.com/rust-mobile/ndk
new_debug_unreachable	1.0.6	registry+https://github.com/rust-lang/crates.io-index	MIT	https://github.com/mbrubeck/rust-debug-unreachable
nix	0.31.3	registry+https://github.com/rust-lang/crates.io-index	MIT	https://github.com/nix-rust/nix
no_std_io2	0.9.4	registry+https://github.com/rust-lang/crates.io-index	Apache-2.0 OR MIT	https://github.com/wcampbell0x2a/no-std-io2
nom	7.1.3	registry+https://github.com/rust-lang/crates.io-index	MIT	https://github.com/Geal/nom
nom	8.0.0	registry+https://github.com/rust-lang/crates.io-index	MIT	https://github.com/rust-bakery/nom
noop_proc_macro	0.3.0	registry+https://github.com/rust-lang/crates.io-index	MIT	https://github.com/lu-zero/noop_proc_macro
num-bigint	0.4.8	registry+https://github.com/rust-lang/crates.io-index	MIT OR Apache-2.0	https://github.com/rust-num/num-bigint
num-complex	0.4.6	registry+https://github.com/rust-lang/crates.io-index	MIT OR Apache-2.0	https://github.com/rust-num/num-complex
num-derive	0.4.2	registry+https://github.com/rust-lang/crates.io-index	MIT OR Apache-2.0	https://github.com/rust-num/num-derive
num-integer	0.1.46	registry+https://github.com/rust-lang/crates.io-index	MIT OR Apache-2.0	https://github.com/rust-num/num-integer
num-rational	0.4.2	registry+https://github.com/rust-lang/crates.io-index	MIT OR Apache-2.0	https://github.com/rust-num/num-rational
num-traits	0.2.19	registry+https://github.com/rust-lang/crates.io-index	MIT OR Apache-2.0	https://github.com/rust-num/num-traits
num_enum	0.7.6	registry+https://github.com/rust-lang/crates.io-index	BSD-3-Clause OR MIT OR Apache-2.0	https://github.com/illicitonion/num_enum
num_enum_derive	0.7.6	registry+https://github.com/rust-lang/crates.io-index	BSD-3-Clause OR MIT OR Apache-2.0	https://github.com/illicitonion/num_enum
objc-sys	0.3.5	registry+https://github.com/rust-lang/crates.io-index	MIT	https://github.com/madsmtm/objc2
objc2	0.5.2	registry+https://github.com/rust-lang/crates.io-index	MIT	https://github.com/madsmtm/objc2
objc2	0.6.4	registry+https://github.com/rust-lang/crates.io-index	MIT	https://github.com/madsmtm/objc2
objc2-app-kit	0.2.2	registry+https://github.com/rust-lang/crates.io-index	MIT	https://github.com/madsmtm/objc2
objc2-app-kit	0.3.2	registry+https://github.com/rust-lang/crates.io-index	Zlib OR Apache-2.0 OR MIT	https://github.com/madsmtm/objc2
objc2-cloud-kit	0.2.2	registry+https://github.com/rust-lang/crates.io-index	MIT	https://github.com/madsmtm/objc2
objc2-contacts	0.2.2	registry+https://github.com/rust-lang/crates.io-index	MIT	https://github.com/madsmtm/objc2
objc2-core-data	0.2.2	registry+https://github.com/rust-lang/crates.io-index	MIT	https://github.com/madsmtm/objc2
objc2-core-foundation	0.3.2	registry+https://github.com/rust-lang/crates.io-index	Zlib OR Apache-2.0 OR MIT	https://github.com/madsmtm/objc2
objc2-core-graphics	0.3.2	registry+https://github.com/rust-lang/crates.io-index	Zlib OR Apache-2.0 OR MIT	https://github.com/madsmtm/objc2
objc2-core-image	0.2.2	registry+https://github.com/rust-lang/crates.io-index	MIT	https://github.com/madsmtm/objc2
objc2-core-location	0.2.2	registry+https://github.com/rust-lang/crates.io-index	MIT	https://github.com/madsmtm/objc2
objc2-core-text	0.3.2	registry+https://github.com/rust-lang/crates.io-index	Zlib OR Apache-2.0 OR MIT	https://github.com/madsmtm/objc2
objc2-encode	4.1.0	registry+https://github.com/rust-lang/crates.io-index	MIT	https://github.com/madsmtm/objc2
objc2-foundation	0.2.2	registry+https://github.com/rust-lang/crates.io-index	MIT	https://github.com/madsmtm/objc2
objc2-foundation	0.3.2	registry+https://github.com/rust-lang/crates.io-index	MIT	https://github.com/madsmtm/objc2
objc2-io-surface	0.3.2	registry+https://github.com/rust-lang/crates.io-index	Zlib OR Apache-2.0 OR MIT	https://github.com/madsmtm/objc2
objc2-link-presentation	0.2.2	registry+https://github.com/rust-lang/crates.io-index	MIT	https://github.com/madsmtm/objc2
objc2-metal	0.2.2	registry+https://github.com/rust-lang/crates.io-index	MIT	https://github.com/madsmtm/objc2
objc2-metal	0.3.2	registry+https://github.com/rust-lang/crates.io-index	Zlib OR Apache-2.0 OR MIT	https://github.com/madsmtm/objc2
objc2-quartz-core	0.2.2	registry+https://github.com/rust-lang/crates.io-index	MIT	https://github.com/madsmtm/objc2
objc2-quartz-core	0.3.2	registry+https://github.com/rust-lang/crates.io-index	Zlib OR Apache-2.0 OR MIT	https://github.com/madsmtm/objc2
objc2-symbols	0.2.2	registry+https://github.com/rust-lang/crates.io-index	MIT	https://github.com/madsmtm/objc2
objc2-ui-kit	0.2.2	registry+https://github.com/rust-lang/crates.io-index	MIT	https://github.com/madsmtm/objc2
objc2-ui-kit	0.3.2	registry+https://github.com/rust-lang/crates.io-index	Zlib OR Apache-2.0 OR MIT	https://github.com/madsmtm/objc2
objc2-uniform-type-identifiers	0.2.2	registry+https://github.com/rust-lang/crates.io-index	MIT	https://github.com/madsmtm/objc2
objc2-user-notifications	0.2.2	registry+https://github.com/rust-lang/crates.io-index	MIT	https://github.com/madsmtm/objc2
once_cell	1.21.4	registry+https://github.com/rust-lang/crates.io-index	MIT OR Apache-2.0	https://github.com/matklad/once_cell
orbclient	0.3.55	registry+https://github.com/rust-lang/crates.io-index	MIT	https://gitlab.redox-os.org/redox-os/orbclient
ordered-stream	0.2.0	registry+https://github.com/rust-lang/crates.io-index	MIT OR Apache-2.0	https://github.com/danieldg/ordered-stream
parking	2.2.1	registry+https://github.com/rust-lang/crates.io-index	Apache-2.0 OR MIT	https://github.com/smol-rs/parking
parking_lot	0.12.5	registry+https://github.com/rust-lang/crates.io-index	MIT OR Apache-2.0	https://github.com/Amanieu/parking_lot
parking_lot_core	0.9.12	registry+https://github.com/rust-lang/crates.io-index	MIT OR Apache-2.0	https://github.com/Amanieu/parking_lot
parlance	0.1.0	registry+https://github.com/rust-lang/crates.io-index	Apache-2.0 OR MIT	https://github.com/linebender/parley
parley	0.11.0	registry+https://github.com/rust-lang/crates.io-index	Apache-2.0 OR MIT	https://github.com/linebender/parley
parley_data	0.11.0	registry+https://github.com/rust-lang/crates.io-index	Apache-2.0 OR MIT	https://github.com/linebender/parley
paste	1.0.15	registry+https://github.com/rust-lang/crates.io-index	MIT OR Apache-2.0	https://github.com/dtolnay/paste
pastey	0.1.1	registry+https://github.com/rust-lang/crates.io-index	MIT OR Apache-2.0	https://github.com/as1100k/pastey
percent-encoding	2.3.2	registry+https://github.com/rust-lang/crates.io-index	MIT OR Apache-2.0	https://github.com/servo/rust-url/
pico-args	0.5.0	registry+https://github.com/rust-lang/crates.io-index	MIT	https://github.com/RazrFalcon/pico-args
pin-project	1.1.13	registry+https://github.com/rust-lang/crates.io-index	Apache-2.0 OR MIT	https://github.com/taiki-e/pin-project
pin-project-internal	1.1.13	registry+https://github.com/rust-lang/crates.io-index	Apache-2.0 OR MIT	https://github.com/taiki-e/pin-project
pin-project-lite	0.2.17	registry+https://github.com/rust-lang/crates.io-index	Apache-2.0 OR MIT	https://github.com/taiki-e/pin-project-lite
pin-utils	0.1.0	registry+https://github.com/rust-lang/crates.io-index	MIT OR Apache-2.0	https://github.com/rust-lang-nursery/pin-utils
pin-weak	1.1.0	registry+https://github.com/rust-lang/crates.io-index	MIT	https://github.com/sixtyfpsui/pin-weak
piper	0.2.5	registry+https://github.com/rust-lang/crates.io-index	MIT OR Apache-2.0	https://github.com/smol-rs/piper
pkg-config	0.3.33	registry+https://github.com/rust-lang/crates.io-index	MIT OR Apache-2.0	https://github.com/rust-lang/pkg-config-rs
plain	0.2.3	registry+https://github.com/rust-lang/crates.io-index	MIT/Apache-2.0	https://github.com/randomites/plain
png	0.18.1	registry+https://github.com/rust-lang/crates.io-index	MIT OR Apache-2.0	https://github.com/image-rs/image-png
polling	3.11.0	registry+https://github.com/rust-lang/crates.io-index	Apache-2.0 OR MIT	https://github.com/smol-rs/polling
polycool	0.4.0	registry+https://github.com/rust-lang/crates.io-index	MIT OR Apache-2.0	https://github.com/linebender/kurbo
portable-atomic	1.14.0	registry+https://github.com/rust-lang/crates.io-index	Apache-2.0 OR MIT	https://github.com/taiki-e/portable-atomic
potential_utf	0.1.5	registry+https://github.com/rust-lang/crates.io-index	Unicode-3.0	https://github.com/unicode-org/icu4x
ppv-lite86	0.2.21	registry+https://github.com/rust-lang/crates.io-index	MIT OR Apache-2.0	https://github.com/cryptocorrosion/cryptocorrosion
prettyplease	0.2.37	registry+https://github.com/rust-lang/crates.io-index	MIT OR Apache-2.0	https://github.com/dtolnay/prettyplease
proc-macro-crate	3.5.0	registry+https://github.com/rust-lang/crates.io-index	MIT OR Apache-2.0	https://github.com/bkchr/proc-macro-crate
proc-macro2	1.0.107	registry+https://github.com/rust-lang/crates.io-index	MIT OR Apache-2.0	https://github.com/dtolnay/proc-macro2
profiling	1.0.18	registry+https://github.com/rust-lang/crates.io-index	MIT OR Apache-2.0	https://github.com/aclysma/profiling
profiling-procmacros	1.0.18	registry+https://github.com/rust-lang/crates.io-index	MIT OR Apache-2.0	https://github.com/aclysma/profiling
pulldown-cmark	0.13.4	registry+https://github.com/rust-lang/crates.io-index	MIT	https://github.com/raphlinus/pulldown-cmark
pulldown-cmark-escape	0.11.0	registry+https://github.com/rust-lang/crates.io-index	MIT	https://github.com/raphlinus/pulldown-cmark
pulp	0.22.3	registry+https://github.com/rust-lang/crates.io-index	MIT	https://github.com/sarah-quinones/pulp/
pulp-wasm-simd-flag	0.1.1	registry+https://github.com/rust-lang/crates.io-index	MIT	https://github.com/sarah-quinones/pulp/
pxfm	0.1.30	registry+https://github.com/rust-lang/crates.io-index	BSD-3-Clause OR Apache-2.0	https://github.com/awxkee/pxfm
qoi	0.4.1	registry+https://github.com/rust-lang/crates.io-index	MIT/Apache-2.0	https://github.com/aldanor/qoi-rust
quick-error	2.0.1	registry+https://github.com/rust-lang/crates.io-index	MIT/Apache-2.0	http://github.com/tailhook/quick-error
quote	1.0.47	registry+https://github.com/rust-lang/crates.io-index	MIT OR Apache-2.0	https://github.com/dtolnay/quote
r-efi	5.3.0	registry+https://github.com/rust-lang/crates.io-index	MIT OR Apache-2.0 OR LGPL-2.1-or-later	https://github.com/r-efi/r-efi
r-efi	6.0.0	registry+https://github.com/rust-lang/crates.io-index	MIT OR Apache-2.0 OR LGPL-2.1-or-later	https://github.com/r-efi/r-efi
rand	0.9.5	registry+https://github.com/rust-lang/crates.io-index	MIT OR Apache-2.0	https://github.com/rust-random/rand
rand_chacha	0.9.0	registry+https://github.com/rust-lang/crates.io-index	MIT OR Apache-2.0	https://github.com/rust-random/rand
rand_core	0.9.5	registry+https://github.com/rust-lang/crates.io-index	MIT OR Apache-2.0	https://github.com/rust-random/rand
rav1e	0.8.1	registry+https://github.com/rust-lang/crates.io-index	BSD-2-Clause	https://github.com/xiph/rav1e/
ravif	0.13.0	registry+https://github.com/rust-lang/crates.io-index	BSD-3-Clause	https://github.com/kornelski/cavif-rs
raw-cpuid	11.6.0	registry+https://github.com/rust-lang/crates.io-index	MIT	https://github.com/gz/rust-cpuid
raw-window-handle	0.6.2	registry+https://github.com/rust-lang/crates.io-index	MIT OR Apache-2.0 OR Zlib	https://github.com/rust-windowing/raw-window-handle
raw-window-metal	1.1.0	registry+https://github.com/rust-lang/crates.io-index	MIT OR Apache-2.0	https://github.com/rust-windowing/raw-window-metal
rayon	1.12.0	registry+https://github.com/rust-lang/crates.io-index	MIT OR Apache-2.0	https://github.com/rayon-rs/rayon
rayon-core	1.13.0	registry+https://github.com/rust-lang/crates.io-index	MIT OR Apache-2.0	https://github.com/rayon-rs/rayon
read-fonts	0.40.2	registry+https://github.com/rust-lang/crates.io-index	MIT OR Apache-2.0	https://github.com/googlefonts/fontations
read-fonts	0.41.0	registry+https://github.com/rust-lang/crates.io-index	MIT OR Apache-2.0	https://github.com/googlefonts/fontations
reborrow	0.5.5	registry+https://github.com/rust-lang/crates.io-index	MIT	https://github.com/sarah-ek/reborrow/
redox_syscall	0.4.1	registry+https://github.com/rust-lang/crates.io-index	MIT	https://gitlab.redox-os.org/redox-os/syscall
redox_syscall	0.5.18	registry+https://github.com/rust-lang/crates.io-index	MIT	https://gitlab.redox-os.org/redox-os/syscall
redox_syscall	0.9.0	registry+https://github.com/rust-lang/crates.io-index	MIT	https://gitlab.redox-os.org/redox-os/syscall
regex	1.13.1	registry+https://github.com/rust-lang/crates.io-index	MIT OR Apache-2.0	https://github.com/rust-lang/regex
regex-automata	0.4.16	registry+https://github.com/rust-lang/crates.io-index	MIT OR Apache-2.0	https://github.com/rust-lang/regex
regex-syntax	0.8.11	registry+https://github.com/rust-lang/crates.io-index	MIT OR Apache-2.0	https://github.com/rust-lang/regex
resvg	0.47.0	registry+https://github.com/rust-lang/crates.io-index	Apache-2.0 OR MIT	https://github.com/linebender/resvg
rgb	0.8.53	registry+https://github.com/rust-lang/crates.io-index	MIT	https://github.com/kornelski/rust-rgb
rowan	0.16.1	registry+https://github.com/rust-lang/crates.io-index	MIT OR Apache-2.0	https://github.com/rust-analyzer/rowan
roxmltree	0.21.1	registry+https://github.com/rust-lang/crates.io-index	MIT OR Apache-2.0	https://github.com/RazrFalcon/roxmltree
rspolib	0.1.2	registry+https://github.com/rust-lang/crates.io-index	MIT	https://github.com/mondeja/rspolib
rustc-hash	1.1.0	registry+https://github.com/rust-lang/crates.io-index	Apache-2.0/MIT	https://github.com/rust-lang-nursery/rustc-hash
rustc-hash	2.1.3	registry+https://github.com/rust-lang/crates.io-index	Apache-2.0 OR MIT	https://github.com/rust-lang/rustc-hash
rustc_version	0.4.1	registry+https://github.com/rust-lang/crates.io-index	MIT OR Apache-2.0	https://github.com/djc/rustc-version-rs
rustix	0.38.44	registry+https://github.com/rust-lang/crates.io-index	Apache-2.0 WITH LLVM-exception OR Apache-2.0 OR MIT	https://github.com/bytecodealliance/rustix
rustix	1.1.4	registry+https://github.com/rust-lang/crates.io-index	Apache-2.0 WITH LLVM-exception OR Apache-2.0 OR MIT	https://github.com/bytecodealliance/rustix
rustversion	1.0.23	registry+https://github.com/rust-lang/crates.io-index	MIT OR Apache-2.0	https://github.com/dtolnay/rustversion
rustybuzz	0.20.1	registry+https://github.com/rust-lang/crates.io-index	MIT	https://github.com/harfbuzz/rustybuzz
ryu	1.0.23	registry+https://github.com/rust-lang/crates.io-index	Apache-2.0 OR BSL-1.0	https://github.com/dtolnay/ryu
same-file	1.0.6	registry+https://github.com/rust-lang/crates.io-index	Unlicense/MIT	https://github.com/BurntSushi/same-file
scoped-tls-hkt	0.1.5	registry+https://github.com/rust-lang/crates.io-index	MIT/Apache-2.0	https://github.com/Diggsey/scoped-tls-hkt
scopeguard	1.2.0	registry+https://github.com/rust-lang/crates.io-index	MIT OR Apache-2.0	https://github.com/bluss/scopeguard
semver	1.0.28	registry+https://github.com/rust-lang/crates.io-index	MIT OR Apache-2.0	https://github.com/dtolnay/semver
serde	1.0.229	registry+https://github.com/rust-lang/crates.io-index	MIT OR Apache-2.0	https://github.com/serde-rs/serde
serde_core	1.0.229	registry+https://github.com/rust-lang/crates.io-index	MIT OR Apache-2.0	https://github.com/serde-rs/serde
serde_derive	1.0.229	registry+https://github.com/rust-lang/crates.io-index	MIT OR Apache-2.0	https://github.com/serde-rs/serde
serde_json	1.0.151	registry+https://github.com/rust-lang/crates.io-index	MIT OR Apache-2.0	https://github.com/serde-rs/json
serde_repr	0.1.21	registry+https://github.com/rust-lang/crates.io-index	MIT OR Apache-2.0	https://github.com/dtolnay/serde-repr
serde_spanned	1.1.1	registry+https://github.com/rust-lang/crates.io-index	MIT OR Apache-2.0	https://github.com/toml-rs/toml
shlex	1.3.0	registry+https://github.com/rust-lang/crates.io-index	MIT OR Apache-2.0	https://github.com/comex/rust-shlex
shlex	2.0.1	registry+https://github.com/rust-lang/crates.io-index	MIT OR Apache-2.0	https://github.com/comex/rust-shlex
signal-hook-registry	1.4.8	registry+https://github.com/rust-lang/crates.io-index	MIT OR Apache-2.0	https://github.com/vorner/signal-hook
simd-adler32	0.3.10	registry+https://github.com/rust-lang/crates.io-index	MIT	https://github.com/mcountryman/simd-adler32
simd_cesu8	1.2.0	registry+https://github.com/rust-lang/crates.io-index	Apache-2.0 OR MIT	https://github.com/seancroach/simd_cesu8
simd_helpers	0.1.0	registry+https://github.com/rust-lang/crates.io-index	MIT	https://github.com/lu-zero/simd_helpers
simdutf8	0.1.5	registry+https://github.com/rust-lang/crates.io-index	MIT OR Apache-2.0	https://github.com/rusticstuff/simdutf8
simplecss	0.2.2	registry+https://github.com/rust-lang/crates.io-index	Apache-2.0 OR MIT	https://github.com/linebender/simplecss
siphasher	1.0.3	registry+https://github.com/rust-lang/crates.io-index	MIT/Apache-2.0	https://github.com/jedisct1/rust-siphash
skia-bindings	0.99.0	registry+https://github.com/rust-lang/crates.io-index	MIT	https://github.com/rust-skia/rust-skia
skia-safe	0.99.0	registry+https://github.com/rust-lang/crates.io-index	MIT	https://github.com/rust-skia/rust-skia
skrifa	0.43.2	registry+https://github.com/rust-lang/crates.io-index	MIT OR Apache-2.0	https://github.com/googlefonts/fontations
skrifa	0.44.0	registry+https://github.com/rust-lang/crates.io-index	MIT OR Apache-2.0	https://github.com/googlefonts/fontations
slab	0.4.12	registry+https://github.com/rust-lang/crates.io-index	MIT	https://github.com/tokio-rs/slab
slint	1.18.0	git+https://github.com/slint-ui/slint.git?rev=3c5e0a606d8843fabaf00c5fbbde4fd5be08ba4f#3c5e0a606d8843fabaf00c5fbbde4fd5be08ba4f	GPL-3.0-only OR LicenseRef-Slint-Royalty-free-2.0 OR LicenseRef-Slint-Software-3.0	https://github.com/slint-ui/slint
slint-build	1.18.0	git+https://github.com/slint-ui/slint.git?rev=3c5e0a606d8843fabaf00c5fbbde4fd5be08ba4f#3c5e0a606d8843fabaf00c5fbbde4fd5be08ba4f	GPL-3.0-only OR LicenseRef-Slint-Royalty-free-2.0 OR LicenseRef-Slint-Software-3.0	https://github.com/slint-ui/slint
slint-macros	1.18.0	git+https://github.com/slint-ui/slint.git?rev=3c5e0a606d8843fabaf00c5fbbde4fd5be08ba4f#3c5e0a606d8843fabaf00c5fbbde4fd5be08ba4f	GPL-3.0-only OR LicenseRef-Slint-Royalty-free-2.0 OR LicenseRef-Slint-Software-3.0	https://github.com/slint-ui/slint
slotmap	1.1.1	registry+https://github.com/rust-lang/crates.io-index	Zlib	https://github.com/orlp/slotmap
smallvec	1.15.2	registry+https://github.com/rust-lang/crates.io-index	MIT OR Apache-2.0	https://github.com/servo/rust-smallvec
smol_str	0.2.2	registry+https://github.com/rust-lang/crates.io-index	MIT OR Apache-2.0	https://github.com/rust-analyzer/smol_str
smol_str	0.3.6	registry+https://github.com/rust-lang/crates.io-index	MIT OR Apache-2.0	https://github.com/rust-lang/rust-analyzer/tree/master/lib/smol_str
snafu	0.8.9	registry+https://github.com/rust-lang/crates.io-index	MIT OR Apache-2.0	https://github.com/shepmaster/snafu
snafu-derive	0.8.9	registry+https://github.com/rust-lang/crates.io-index	MIT OR Apache-2.0	https://github.com/shepmaster/snafu
softbuffer	0.4.8	registry+https://github.com/rust-lang/crates.io-index	MIT OR Apache-2.0	https://github.com/rust-windowing/softbuffer
spin_on	0.1.1	registry+https://github.com/rust-lang/crates.io-index	Apache-2.0 OR MIT	-
stable_deref_trait	1.2.1	registry+https://github.com/rust-lang/crates.io-index	MIT OR Apache-2.0	https://github.com/storyyeller/stable_deref_trait
strict-num	0.1.1	registry+https://github.com/rust-lang/crates.io-index	MIT	https://github.com/RazrFalcon/strict-num
strum	0.28.0	registry+https://github.com/rust-lang/crates.io-index	MIT	https://github.com/Peternator7/strum
strum_macros	0.28.0	registry+https://github.com/rust-lang/crates.io-index	MIT	https://github.com/Peternator7/strum
svgtypes	0.16.1	registry+https://github.com/rust-lang/crates.io-index	Apache-2.0 OR MIT	https://github.com/linebender/svgtypes
swash	0.2.10	registry+https://github.com/rust-lang/crates.io-index	Apache-2.0 OR MIT	https://github.com/dfrg/swash
syn	2.0.119	registry+https://github.com/rust-lang/crates.io-index	MIT OR Apache-2.0	https://github.com/dtolnay/syn
syn	3.0.3	registry+https://github.com/rust-lang/crates.io-index	MIT OR Apache-2.0	https://github.com/dtolnay/syn
synstructure	0.13.2	registry+https://github.com/rust-lang/crates.io-index	MIT	https://github.com/mystor/synstructure
sys-locale	0.3.2	registry+https://github.com/rust-lang/crates.io-index	MIT OR Apache-2.0	https://github.com/1Password/sys-locale
taffy	0.10.1	registry+https://github.com/rust-lang/crates.io-index	MIT	https://github.com/DioxusLabs/taffy
tar	0.4.46	registry+https://github.com/rust-lang/crates.io-index	MIT OR Apache-2.0	https://github.com/composefs/tar-rs
tempfile	3.27.0	registry+https://github.com/rust-lang/crates.io-index	MIT OR Apache-2.0	https://github.com/Stebalien/tempfile
text-size	1.1.1	registry+https://github.com/rust-lang/crates.io-index	MIT OR Apache-2.0	https://github.com/rust-analyzer/text-size
thiserror	1.0.69	registry+https://github.com/rust-lang/crates.io-index	MIT OR Apache-2.0	https://github.com/dtolnay/thiserror
thiserror	2.0.19	registry+https://github.com/rust-lang/crates.io-index	MIT OR Apache-2.0	https://github.com/dtolnay/thiserror
thiserror-impl	1.0.69	registry+https://github.com/rust-lang/crates.io-index	MIT OR Apache-2.0	https://github.com/dtolnay/thiserror
thiserror-impl	2.0.19	registry+https://github.com/rust-lang/crates.io-index	MIT OR Apache-2.0	https://github.com/dtolnay/thiserror
tiff	0.11.3	registry+https://github.com/rust-lang/crates.io-index	MIT	https://github.com/image-rs/image-tiff
tiny-skia	0.12.0	registry+https://github.com/rust-lang/crates.io-index	BSD-3-Clause	https://github.com/linebender/tiny-skia
tiny-skia-path	0.12.0	registry+https://github.com/rust-lang/crates.io-index	BSD-3-Clause	https://github.com/linebender/tiny-skia/tree/master/path
tinystr	0.8.3	registry+https://github.com/rust-lang/crates.io-index	Unicode-3.0	https://github.com/unicode-org/icu4x
tinyvec	1.12.0	registry+https://github.com/rust-lang/crates.io-index	Zlib OR Apache-2.0 OR MIT	https://github.com/Lokathor/tinyvec
tinyvec_macros	0.1.1	registry+https://github.com/rust-lang/crates.io-index	MIT OR Apache-2.0 OR Zlib	https://github.com/Soveu/tinyvec_macros
toml	0.9.12+spec-1.1.0	registry+https://github.com/rust-lang/crates.io-index	MIT OR Apache-2.0	https://github.com/toml-rs/toml
toml	1.1.3+spec-1.1.0	registry+https://github.com/rust-lang/crates.io-index	MIT OR Apache-2.0	https://github.com/toml-rs/toml
toml_datetime	0.7.5+spec-1.1.0	registry+https://github.com/rust-lang/crates.io-index	MIT OR Apache-2.0	https://github.com/toml-rs/toml
toml_datetime	1.1.1+spec-1.1.0	registry+https://github.com/rust-lang/crates.io-index	MIT OR Apache-2.0	https://github.com/toml-rs/toml
toml_edit	0.25.13+spec-1.1.0	registry+https://github.com/rust-lang/crates.io-index	MIT OR Apache-2.0	https://github.com/toml-rs/toml
toml_parser	1.1.2+spec-1.1.0	registry+https://github.com/rust-lang/crates.io-index	MIT OR Apache-2.0	https://github.com/toml-rs/toml
toml_writer	1.1.2+spec-1.1.0	registry+https://github.com/rust-lang/crates.io-index	MIT OR Apache-2.0	https://github.com/toml-rs/toml
tracing	0.1.44	registry+https://github.com/rust-lang/crates.io-index	MIT	https://github.com/tokio-rs/tracing
tracing-attributes	0.1.31	registry+https://github.com/rust-lang/crates.io-index	MIT	https://github.com/tokio-rs/tracing
tracing-core	0.1.36	registry+https://github.com/rust-lang/crates.io-index	MIT	https://github.com/tokio-rs/tracing
ttf-parser	0.25.1	registry+https://github.com/rust-lang/crates.io-index	MIT OR Apache-2.0	https://github.com/harfbuzz/ttf-parser
typed-index-collections	3.5.0	registry+https://github.com/rust-lang/crates.io-index	MIT OR Apache-2.0	https://github.com/zheland/typed-index-collections
udev	0.9.3	registry+https://github.com/rust-lang/crates.io-index	MIT	https://github.com/Smithay/udev-rs
uds_windows	1.2.1	registry+https://github.com/rust-lang/crates.io-index	MIT	https://github.com/haraldh/rust_uds_windows
unicase	2.9.0	registry+https://github.com/rust-lang/crates.io-index	MIT OR Apache-2.0	https://github.com/seanmonstar/unicase
unicode-bidi	0.3.18	registry+https://github.com/rust-lang/crates.io-index	MIT OR Apache-2.0	https://github.com/servo/unicode-bidi
unicode-bidi-mirroring	0.4.0	registry+https://github.com/rust-lang/crates.io-index	MIT/Apache-2.0	https://github.com/RazrFalcon/unicode-bidi-mirroring
unicode-ccc	0.4.0	registry+https://github.com/rust-lang/crates.io-index	MIT/Apache-2.0	https://github.com/RazrFalcon/unicode-ccc
unicode-ident	1.0.24	registry+https://github.com/rust-lang/crates.io-index	(MIT OR Apache-2.0) AND Unicode-3.0	https://github.com/dtolnay/unicode-ident
unicode-linebreak	0.1.5	registry+https://github.com/rust-lang/crates.io-index	Apache-2.0	https://github.com/axelf4/unicode-linebreak
unicode-properties	0.1.4	registry+https://github.com/rust-lang/crates.io-index	MIT/Apache-2.0	https://github.com/unicode-rs/unicode-properties
unicode-script	0.5.8	registry+https://github.com/rust-lang/crates.io-index	MIT OR Apache-2.0	https://github.com/unicode-rs/unicode-script
unicode-segmentation	1.13.3	registry+https://github.com/rust-lang/crates.io-index	MIT OR Apache-2.0	https://github.com/unicode-rs/unicode-segmentation
unicode-vo	0.1.0	registry+https://github.com/rust-lang/crates.io-index	MIT/Apache-2.0	https://github.com/RazrFalcon/unicode-vo
unicode-width	0.2.2	registry+https://github.com/rust-lang/crates.io-index	MIT OR Apache-2.0	https://github.com/unicode-rs/unicode-width
unicode-xid	0.2.6	registry+https://github.com/rust-lang/crates.io-index	MIT OR Apache-2.0	https://github.com/unicode-rs/unicode-xid
unty	0.0.4	registry+https://github.com/rust-lang/crates.io-index	MIT OR Apache-2.0	https://github.com/bincode-org/unty
url	2.5.8	registry+https://github.com/rust-lang/crates.io-index	MIT OR Apache-2.0	https://github.com/servo/rust-url
usvg	0.47.0	registry+https://github.com/rust-lang/crates.io-index	Apache-2.0 OR MIT	https://github.com/linebender/resvg
utf8_iter	1.0.4	registry+https://github.com/rust-lang/crates.io-index	Apache-2.0 OR MIT	https://github.com/hsivonen/utf8_iter
uuid	1.24.0	registry+https://github.com/rust-lang/crates.io-index	Apache-2.0 OR MIT	https://github.com/uuid-rs/uuid
v_frame	0.3.9	registry+https://github.com/rust-lang/crates.io-index	BSD-2-Clause	https://github.com/rust-av/v_frame
version_check	0.9.5	registry+https://github.com/rust-lang/crates.io-index	MIT/Apache-2.0	https://github.com/SergioBenitez/version_check
vtable	0.5.0	git+https://github.com/slint-ui/slint.git?rev=3c5e0a606d8843fabaf00c5fbbde4fd5be08ba4f#3c5e0a606d8843fabaf00c5fbbde4fd5be08ba4f	MIT OR Apache-2.0	https://github.com/slint-ui/slint
vtable-macro	0.5.0	git+https://github.com/slint-ui/slint.git?rev=3c5e0a606d8843fabaf00c5fbbde4fd5be08ba4f#3c5e0a606d8843fabaf00c5fbbde4fd5be08ba4f	MIT OR Apache-2.0	https://github.com/slint-ui/slint
walkdir	2.5.0	registry+https://github.com/rust-lang/crates.io-index	Unlicense/MIT	https://github.com/BurntSushi/walkdir
wasip2	1.0.4+wasi-0.2.12	registry+https://github.com/rust-lang/crates.io-index	Apache-2.0 WITH LLVM-exception OR Apache-2.0 OR MIT	https://github.com/bytecodealliance/wasi-rs
wasm-bindgen	0.2.126	registry+https://github.com/rust-lang/crates.io-index	MIT OR Apache-2.0	https://github.com/wasm-bindgen/wasm-bindgen
wasm-bindgen-futures	0.4.76	registry+https://github.com/rust-lang/crates.io-index	MIT OR Apache-2.0	https://github.com/wasm-bindgen/wasm-bindgen/tree/master/crates/futures
wasm-bindgen-macro	0.2.126	registry+https://github.com/rust-lang/crates.io-index	MIT OR Apache-2.0	https://github.com/wasm-bindgen/wasm-bindgen/tree/master/crates/macro
wasm-bindgen-macro-support	0.2.126	registry+https://github.com/rust-lang/crates.io-index	MIT OR Apache-2.0	https://github.com/wasm-bindgen/wasm-bindgen/tree/master/crates/macro-support
wasm-bindgen-shared	0.2.126	registry+https://github.com/rust-lang/crates.io-index	MIT OR Apache-2.0	https://github.com/wasm-bindgen/wasm-bindgen/tree/master/crates/shared
web-sys	0.3.103	registry+https://github.com/rust-lang/crates.io-index	MIT OR Apache-2.0	https://github.com/wasm-bindgen/wasm-bindgen/tree/master/crates/web-sys
web-time	1.1.0	registry+https://github.com/rust-lang/crates.io-index	MIT OR Apache-2.0	https://github.com/daxpedda/web-time
webbrowser	1.2.1	registry+https://github.com/rust-lang/crates.io-index	MIT OR Apache-2.0	https://github.com/amodm/webbrowser-rs
weezl	0.1.12	registry+https://github.com/rust-lang/crates.io-index	MIT OR Apache-2.0	https://github.com/image-rs/weezl
winapi-util	0.1.11	registry+https://github.com/rust-lang/crates.io-index	Unlicense OR MIT	https://github.com/BurntSushi/winapi-util
windows	0.62.2	registry+https://github.com/rust-lang/crates.io-index	MIT OR Apache-2.0	https://github.com/microsoft/windows-rs
windows-collections	0.3.2	registry+https://github.com/rust-lang/crates.io-index	MIT OR Apache-2.0	https://github.com/microsoft/windows-rs
windows-core	0.62.2	registry+https://github.com/rust-lang/crates.io-index	MIT OR Apache-2.0	https://github.com/microsoft/windows-rs
windows-future	0.3.2	registry+https://github.com/rust-lang/crates.io-index	MIT OR Apache-2.0	https://github.com/microsoft/windows-rs
windows-implement	0.60.2	registry+https://github.com/rust-lang/crates.io-index	MIT OR Apache-2.0	https://github.com/microsoft/windows-rs
windows-interface	0.59.3	registry+https://github.com/rust-lang/crates.io-index	MIT OR Apache-2.0	https://github.com/microsoft/windows-rs
windows-link	0.2.1	registry+https://github.com/rust-lang/crates.io-index	MIT OR Apache-2.0	https://github.com/microsoft/windows-rs
windows-numerics	0.3.1	registry+https://github.com/rust-lang/crates.io-index	MIT OR Apache-2.0	https://github.com/microsoft/windows-rs
windows-result	0.4.1	registry+https://github.com/rust-lang/crates.io-index	MIT OR Apache-2.0	https://github.com/microsoft/windows-rs
windows-strings	0.5.1	registry+https://github.com/rust-lang/crates.io-index	MIT OR Apache-2.0	https://github.com/microsoft/windows-rs
windows-sys	0.48.0	registry+https://github.com/rust-lang/crates.io-index	MIT OR Apache-2.0	https://github.com/microsoft/windows-rs
windows-sys	0.52.0	registry+https://github.com/rust-lang/crates.io-index	MIT OR Apache-2.0	https://github.com/microsoft/windows-rs
windows-sys	0.59.0	registry+https://github.com/rust-lang/crates.io-index	MIT OR Apache-2.0	https://github.com/microsoft/windows-rs
windows-sys	0.61.2	registry+https://github.com/rust-lang/crates.io-index	MIT OR Apache-2.0	https://github.com/microsoft/windows-rs
windows-targets	0.48.5	registry+https://github.com/rust-lang/crates.io-index	MIT OR Apache-2.0	https://github.com/microsoft/windows-rs
windows-targets	0.52.6	registry+https://github.com/rust-lang/crates.io-index	MIT OR Apache-2.0	https://github.com/microsoft/windows-rs
windows-threading	0.2.1	registry+https://github.com/rust-lang/crates.io-index	MIT OR Apache-2.0	https://github.com/microsoft/windows-rs
windows_aarch64_gnullvm	0.48.5	registry+https://github.com/rust-lang/crates.io-index	MIT OR Apache-2.0	https://github.com/microsoft/windows-rs
windows_aarch64_gnullvm	0.52.6	registry+https://github.com/rust-lang/crates.io-index	MIT OR Apache-2.0	https://github.com/microsoft/windows-rs
windows_aarch64_msvc	0.48.5	registry+https://github.com/rust-lang/crates.io-index	MIT OR Apache-2.0	https://github.com/microsoft/windows-rs
windows_aarch64_msvc	0.52.6	registry+https://github.com/rust-lang/crates.io-index	MIT OR Apache-2.0	https://github.com/microsoft/windows-rs
windows_i686_gnu	0.48.5	registry+https://github.com/rust-lang/crates.io-index	MIT OR Apache-2.0	https://github.com/microsoft/windows-rs
windows_i686_gnu	0.52.6	registry+https://github.com/rust-lang/crates.io-index	MIT OR Apache-2.0	https://github.com/microsoft/windows-rs
windows_i686_gnullvm	0.52.6	registry+https://github.com/rust-lang/crates.io-index	MIT OR Apache-2.0	https://github.com/microsoft/windows-rs
windows_i686_msvc	0.48.5	registry+https://github.com/rust-lang/crates.io-index	MIT OR Apache-2.0	https://github.com/microsoft/windows-rs
windows_i686_msvc	0.52.6	registry+https://github.com/rust-lang/crates.io-index	MIT OR Apache-2.0	https://github.com/microsoft/windows-rs
windows_x86_64_gnu	0.48.5	registry+https://github.com/rust-lang/crates.io-index	MIT OR Apache-2.0	https://github.com/microsoft/windows-rs
windows_x86_64_gnu	0.52.6	registry+https://github.com/rust-lang/crates.io-index	MIT OR Apache-2.0	https://github.com/microsoft/windows-rs
windows_x86_64_gnullvm	0.48.5	registry+https://github.com/rust-lang/crates.io-index	MIT OR Apache-2.0	https://github.com/microsoft/windows-rs
windows_x86_64_gnullvm	0.52.6	registry+https://github.com/rust-lang/crates.io-index	MIT OR Apache-2.0	https://github.com/microsoft/windows-rs
windows_x86_64_msvc	0.48.5	registry+https://github.com/rust-lang/crates.io-index	MIT OR Apache-2.0	https://github.com/microsoft/windows-rs
windows_x86_64_msvc	0.52.6	registry+https://github.com/rust-lang/crates.io-index	MIT OR Apache-2.0	https://github.com/microsoft/windows-rs
winit	0.30.13	registry+https://github.com/rust-lang/crates.io-index	Apache-2.0	https://github.com/rust-windowing/winit
winnow	0.7.15	registry+https://github.com/rust-lang/crates.io-index	MIT	https://github.com/winnow-rs/winnow
winnow	1.0.4	registry+https://github.com/rust-lang/crates.io-index	MIT	https://github.com/winnow-rs/winnow
wit-bindgen	0.57.1	registry+https://github.com/rust-lang/crates.io-index	Apache-2.0 WITH LLVM-exception OR Apache-2.0 OR MIT	https://github.com/bytecodealliance/wit-bindgen
write-fonts	0.49.2	registry+https://github.com/rust-lang/crates.io-index	MIT OR Apache-2.0	https://github.com/googlefonts/fontations
writeable	0.6.3	registry+https://github.com/rust-lang/crates.io-index	Unicode-3.0	https://github.com/unicode-org/icu4x
x11rb	0.13.2	registry+https://github.com/rust-lang/crates.io-index	MIT OR Apache-2.0	https://github.com/psychon/x11rb
x11rb-protocol	0.13.2	registry+https://github.com/rust-lang/crates.io-index	MIT OR Apache-2.0	https://github.com/psychon/x11rb
xattr	1.6.1	registry+https://github.com/rust-lang/crates.io-index	MIT OR Apache-2.0	https://github.com/Stebalien/xattr
xkbcommon	0.9.0	registry+https://github.com/rust-lang/crates.io-index	MIT	https://github.com/rust-x-bindings/xkbcommon-rs
xkbcommon-dl	0.4.2	registry+https://github.com/rust-lang/crates.io-index	MIT	https://github.com/rust-windowing/xkbcommon-dl
xkeysym	0.2.1	registry+https://github.com/rust-lang/crates.io-index	MIT OR Apache-2.0 OR Zlib	https://github.com/notgull/xkeysym
xml-rs	0.8.28	registry+https://github.com/rust-lang/crates.io-index	MIT	https://github.com/kornelski/xml-rs
xmlwriter	0.1.0	registry+https://github.com/rust-lang/crates.io-index	MIT	https://github.com/RazrFalcon/xmlwriter
y4m	0.8.0	registry+https://github.com/rust-lang/crates.io-index	MIT	https://github.com/image-rs/y4m.git
yazi	0.2.1	registry+https://github.com/rust-lang/crates.io-index	Apache-2.0 OR MIT	https://github.com/dfrg/yazi
yeslogic-fontconfig-sys	6.0.1	registry+https://github.com/rust-lang/crates.io-index	MIT	https://github.com/yeslogic/fontconfig-rs
yoke	0.8.3	registry+https://github.com/rust-lang/crates.io-index	Unicode-3.0	https://github.com/unicode-org/icu4x
yoke-derive	0.8.2	registry+https://github.com/rust-lang/crates.io-index	Unicode-3.0	https://github.com/unicode-org/icu4x
zbus	5.18.0	registry+https://github.com/rust-lang/crates.io-index	MIT	https://github.com/z-galaxy/zbus/
zbus_macros	5.18.0	registry+https://github.com/rust-lang/crates.io-index	MIT	https://github.com/z-galaxy/zbus/
zbus_names	4.3.4	registry+https://github.com/rust-lang/crates.io-index	MIT	https://github.com/z-galaxy/zbus/
zeno	0.3.3	registry+https://github.com/rust-lang/crates.io-index	Apache-2.0 OR MIT	https://github.com/dfrg/zeno
zerocopy	0.8.55	registry+https://github.com/rust-lang/crates.io-index	BSD-2-Clause OR Apache-2.0 OR MIT	https://github.com/google/zerocopy
zerocopy-derive	0.8.55	registry+https://github.com/rust-lang/crates.io-index	BSD-2-Clause OR Apache-2.0 OR MIT	https://github.com/google/zerocopy
zerofrom	0.1.8	registry+https://github.com/rust-lang/crates.io-index	Unicode-3.0	https://github.com/unicode-org/icu4x
zerofrom-derive	0.1.7	registry+https://github.com/rust-lang/crates.io-index	Unicode-3.0	https://github.com/unicode-org/icu4x
zerotrie	0.2.4	registry+https://github.com/rust-lang/crates.io-index	Unicode-3.0	https://github.com/unicode-org/icu4x
zerovec	0.11.6	registry+https://github.com/rust-lang/crates.io-index	Unicode-3.0	https://github.com/unicode-org/icu4x
zerovec-derive	0.11.3	registry+https://github.com/rust-lang/crates.io-index	Unicode-3.0	https://github.com/unicode-org/icu4x
zmij	1.0.23	registry+https://github.com/rust-lang/crates.io-index	MIT	https://github.com/dtolnay/zmij
zune-core	0.5.1	registry+https://github.com/rust-lang/crates.io-index	MIT OR Apache-2.0 OR Zlib	https://github.com/etemesi254/zune-image
zune-inflate	0.2.54	registry+https://github.com/rust-lang/crates.io-index	MIT OR Apache-2.0 OR Zlib	-
zune-jpeg	0.5.15	registry+https://github.com/rust-lang/crates.io-index	MIT OR Apache-2.0 OR Zlib	https://github.com/etemesi254/zune-image/tree/dev/crates/zune-jpeg
zvariant	5.13.1	registry+https://github.com/rust-lang/crates.io-index	MIT	https://github.com/z-galaxy/zbus/
zvariant_derive	5.13.1	registry+https://github.com/rust-lang/crates.io-index	MIT	https://github.com/z-galaxy/zbus/
zvariant_utils	3.5.0	registry+https://github.com/rust-lang/crates.io-index	MIT	https://github.com/z-galaxy/zbus/
